{
    "http": {
        "port": 80
    },
    "account_server_domain": "",
    "account_server": "",
    "account_server_secret": "",
    "X-Nintendo-Client-ID": "",
    "X-Nintendo-Client-Secret": "",
    "mongoose": {
        "uri": "mongodb://localhost:27017",
        "database": "database",
        "options": {
            "useNewUrlParser": true,
            "useUnifiedTopology": true
        }
    },
    "account_db": {
        "uri": "mongodb://localhost:27017",
        "database": "database",
        "options": {
            "useNewUrlParser": true,
            "useUnifiedTopology": true
        }
    },
    "aws": {
        "spaces": {
            "key": "",
            "secret": ""
        }
    }
}